claim_id,accident_year,line_of_business,risk_class,exposure,previous_claims,deductible,coverage_limit,development_month,claim_amount,reported_amount,paid_amount,reserve,litigated,status,report_lag_days
TER-00001,2018,equipment,B,2753000.0,4,100000.0,10000000.0,48,95002.0,99395.0,89484.0,9911.0,False,closed,9.0
TER-00002,2018,builders_risk,B,2614000.0,0,100000.0,5000000.0,48,42608.0,44700.0,35753.0,8947.0,False,closed,11.0
TER-00003,2018,weather_delay,A,1860000.0,0,25000.0,5000000.0,48,16565.0,17035.0,13706.0,3329.0,False,closed,41.0
TER-00004,2018,equipment,B,2356000.0,0,25000.0,10000000.0,48,113860.0,113010.0,98408.0,14602.0,True,closed,29.0
TER-00005,2018,builders_risk,A,921000.0,0,25000.0,2000000.0,48,12544.0,11796.0,11963.0,0.0,False,closed,41.0
TER-00006,2018,equipment,B,1420000.0,0,25000.0,2000000.0,48,323925.0,312387.0,290760.0,21627.0,False,closed,42.0
TER-00007,2018,equipment,A,2997000.0,1,50000.0,10000000.0,48,251786.0,242833.0,247918.0,0.0,False,closed,9.0
TER-00008,2018,weather_delay,D,862000.0,1,50000.0,10000000.0,48,315883.0,314229.0,294174.0,20055.0,False,closed,11.0
TER-00009,2018,weather_delay,A,3817000.0,1,100000.0,2000000.0,48,33738.0,37780.0,31180.0,6600.0,False,closed,24.0
TER-00010,2018,builders_risk,B,1044000.0,2,50000.0,2000000.0,48,88051.0,86075.0,83960.0,2115.0,False,closed,21.0
TER-00011,2018,builders_risk,B,3650000.0,3,100000.0,5000000.0,48,44656.0,44586.0,42426.0,2160.0,True,closed,38.0
TER-00012,2018,weather_delay,C,1638000.0,1,100000.0,10000000.0,48,55044.0,54040.0,47820.0,6220.0,True,closed,14.0
TER-00013,2018,weather_delay,B,3691000.0,3,100000.0,2000000.0,48,47479.0,48804.0,40424.0,8380.0,False,closed,79.0
TER-00014,2018,contractor_liability,A,2669000.0,0,25000.0,10000000.0,48,17627.0,19540.0,15644.0,3896.0,False,closed,21.0
TER-00015,2018,surety,C,1159000.0,1,50000.0,5000000.0,48,31447.0,34453.0,28235.0,6218.0,False,closed,54.0
TER-00016,2018,equipment,D,4669000.0,5,100000.0,10000000.0,48,346135.0,340241.0,286719.0,53522.0,False,closed,8.0
TER-00017,2018,contractor_liability,D,5140000.0,3,100000.0,5000000.0,48,102854.0,98608.0,91362.0,7246.0,False,closed,28.0
TER-00018,2018,surety,B,2419000.0,2,25000.0,5000000.0,48,147171.0,161089.0,136569.0,24520.0,False,closed,32.0
TER-00019,2018,builders_risk,A,2180000.0,1,100000.0,5000000.0,48,120237.0,121276.0,99453.0,21823.0,False,closed,18.0
TER-00020,2018,builders_risk,A,2308000.0,2,100000.0,10000000.0,48,6807.0,7153.0,5634.0,1519.0,False,closed,31.0
TER-00021,2018,contractor_liability,D,1535000.0,3,25000.0,5000000.0,48,55189.0,50560.0,46069.0,4491.0,False,closed,29.0
TER-00022,2018,builders_risk,B,4330000.0,0,25000.0,10000000.0,48,61668.0,67258.0,52829.0,14429.0,True,closed,15.0
TER-00023,2018,builders_risk,A,1906000.0,1,25000.0,10000000.0,48,63394.0,61419.0,62909.0,0.0,False,closed,43.0
TER-00024,2018,weather_delay,C,2437000.0,3,50000.0,2000000.0,48,55726.0,56216.0,44868.0,11348.0,False,closed,11.0
TER-00025,2018,weather_delay,B,1681000.0,2,25000.0,10000000.0,48,199741.0,188469.0,167133.0,21336.0,False,closed,17.0
TER-00026,2018,surety,B,1828000.0,1,25000.0,5000000.0,48,146242.0,145138.0,121821.0,23317.0,False,closed,4.0
TER-00027,2018,contractor_liability,B,1320000.0,2,25000.0,2000000.0,48,23572.0,25509.0,21094.0,4415.0,False,closed,15.0
TER-00028,2018,weather_delay,B,4687000.0,1,25000.0,2000000.0,48,25510.0,27604.0,20485.0,7119.0,False,closed,39.0
TER-00029,2018,weather_delay,A,2315000.0,0,50000.0,2000000.0,48,129299.0,129843.0,115287.0,14556.0,False,closed,33.0
TER-00030,2018,builders_risk,A,4052000.0,0,25000.0,5000000.0,48,68353.0,73065.0,56910.0,16155.0,False,closed,17.0
TER-00031,2018,builders_risk,C,2517000.0,1,50000.0,2000000.0,48,8531.0,8538.0,7285.0,1253.0,False,closed,45.0
TER-00032,2018,builders_risk,B,1767000.0,0,100000.0,5000000.0,48,211192.0,207420.0,202425.0,4995.0,False,closed,32.0
TER-00033,2018,contractor_liability,B,2123000.0,2,25000.0,10000000.0,48,157912.0,161085.0,132143.0,28942.0,False,closed,67.0
TER-00034,2018,builders_risk,B,1889000.0,0,50000.0,10000000.0,48,210225.0,198514.0,194127.0,4387.0,False,closed,30.0
TER-00035,2018,weather_delay,C,2510000.0,1,100000.0,10000000.0,48,55340.0,53660.0,48769.0,4891.0,True,closed,17.0
TER-00036,2018,builders_risk,A,2072000.0,0,25000.0,2000000.0,48,30790.0,32497.0,27204.0,5293.0,False,closed,33.0
TER-00037,2018,equipment,B,2152000.0,0,100000.0,2000000.0,48,30877.0,33023.0,29746.0,3277.0,True,closed,4.0
TER-00038,2018,builders_risk,A,1255000.0,0,100000.0,10000000.0,48,602716.0,549964.0,501570.0,48394.0,False,closed,11.0
TER-00039,2018,builders_risk,A,1670000.0,1,25000.0,10000000.0,48,34933.0,37072.0,34401.0,2671.0,False,closed,12.0
TER-00040,2018,equipment,D,5716000.0,3,100000.0,10000000.0,48,796087.0,859642.0,779129.0,80513.0,True,closed,1.0
TER-00041,2018,weather_delay,B,1787000.0,2,25000.0,2000000.0,48,34354.0,34283.0,32075.0,2208.0,False,closed,24.0
TER-00042,2018,equipment,B,1476000.0,1,100000.0,10000000.0,48,119681.0,109357.0,96928.0,12429.0,False,closed,69.0
TER-00043,2018,contractor_liability,B,2959000.0,4,50000.0,5000000.0,48,14573.0,15305.0,13592.0,1713.0,False,closed,3.0
TER-00044,2018,contractor_liability,C,5053000.0,0,25000.0,5000000.0,48,68861.0,65704.0,63357.0,2347.0,False,closed,7.0
TER-00045,2018,builders_risk,B,1208000.0,2,25000.0,5000000.0,48,144115.0,150101.0,137549.0,12552.0,False,closed,21.0
TER-00046,2018,weather_delay,B,2252000.0,0,50000.0,5000000.0,48,18211.0,17899.0,15348.0,2551.0,False,closed,26.0
TER-00047,2018,weather_delay,B,1823000.0,3,100000.0,10000000.0,48,208977.0,217373.0,207027.0,10346.0,False,closed,25.0
TER-00048,2018,equipment,B,1036000.0,0,25000.0,10000000.0,48,143581.0,137377.0,140313.0,0.0,False,closed,16.0
TER-00049,2018,weather_delay,B,3610000.0,6,50000.0,2000000.0,48,22652.0,22762.0,18640.0,4122.0,False,closed,13.0
TER-00050,2018,contractor_liability,C,2471000.0,2,25000.0,10000000.0,48,60790.0,61728.0,52464.0,9264.0,False,closed,4.0
TER-00051,2018,builders_risk,D,2591000.0,4,50000.0,2000000.0,48,47259.0,49094.0,38114.0,10980.0,False,closed,64.0
TER-00052,2018,weather_delay,A,1716000.0,0,25000.0,5000000.0,48,52688.0,49774.0,50907.0,0.0,False,closed,48.0
TER-00053,2018,weather_delay,D,3138000.0,0,100000.0,5000000.0,48,57595.0,64026.0,56617.0,7409.0,False,closed,11.0
TER-00054,2018,builders_risk,A,1909000.0,2,50000.0,10000000.0,48,17620.0,16979.0,17584.0,0.0,False,closed,19.0
TER-00055,2018,equipment,C,2328000.0,2,100000.0,2000000.0,48,89388.0,86467.0,82450.0,4017.0,False,closed,16.0
TER-00056,2018,weather_delay,C,1436000.0,3,25000.0,5000000.0,48,28167.0,26939.0,26285.0,654.0,True,closed,14.0
TER-00057,2018,surety,A,1361000.0,2,25000.0,2000000.0,48,24788.0,22677.0,23194.0,0.0,False,closed,7.0
TER-00058,2018,contractor_liability,B,4875000.0,3,25000.0,10000000.0,48,80120.0,79563.0,73232.0,6331.0,False,closed,80.0
TER-00059,2018,contractor_liability,C,1940000.0,0,50000.0,5000000.0,48,260115.0,278272.0,257640.0,20632.0,False,closed,17.0
TER-00060,2019,builders_risk,A,2631000.0,0,50000.0,2000000.0,48,17557.0,17292.0,15772.0,1520.0,False,closed,3.0
TER-00061,2019,contractor_liability,A,5420000.0,1,25000.0,2000000.0,48,105276.0,96457.0,91984.0,4473.0,False,closed,111.0
TER-00062,2019,weather_delay,A,1293000.0,3,100000.0,10000000.0,48,42795.0,44700.0,37844.0,6856.0,False,closed,40.0
TER-00063,2019,builders_risk,D,4237000.0,2,100000.0,2000000.0,48,144582.0,158545.0,140293.0,18252.0,False,closed,18.0
TER-00064,2019,surety,A,2440000.0,0,25000.0,2000000.0,48,604027.0,590745.0,565552.0,25193.0,False,closed,6.0
TER-00065,2019,contractor_liability,B,5056000.0,0,50000.0,10000000.0,48,81460.0,75197.0,76251.0,0.0,True,closed,53.0
TER-00066,2019,builders_risk,D,2745000.0,3,100000.0,10000000.0,48,15886.0,16465.0,15835.0,630.0,False,closed,14.0
TER-00067,2019,surety,D,1786000.0,1,25000.0,5000000.0,48,70842.0,65738.0,59760.0,5978.0,False,closed,14.0
TER-00068,2019,builders_risk,A,2872000.0,0,50000.0,10000000.0,48,9085.0,9959.0,8191.0,1768.0,False,closed,9.0
TER-00069,2019,builders_risk,B,3612000.0,1,50000.0,10000000.0,48,14595.0,13529.0,11946.0,1583.0,False,closed,6.0
TER-00070,2019,weather_delay,B,2545000.0,1,50000.0,10000000.0,48,266912.0,261470.0,234498.0,26972.0,False,closed,18.0
TER-00071,2019,surety,C,3191000.0,2,100000.0,2000000.0,48,181697.0,183301.0,179893.0,3408.0,True,closed,20.0
TER-00072,2019,builders_risk,B,1926000.0,2,25000.0,2000000.0,48,10397.0,9627.0,8496.0,1131.0,False,closed,14.0
TER-00073,2019,surety,B,860000.0,1,25000.0,5000000.0,48,232912.0,225954.0,221626.0,4328.0,False,closed,7.0
TER-00074,2019,contractor_liability,A,3921000.0,1,100000.0,2000000.0,48,259174.0,248953.0,252199.0,0.0,False,closed,53.0
TER-00075,2019,builders_risk,A,3546000.0,1,25000.0,2000000.0,48,28783.0,30422.0,25956.0,4466.0,False,closed,56.0
TER-00076,2019,contractor_liability,B,2692000.0,1,25000.0,5000000.0,48,41443.0,46291.0,39765.0,6526.0,False,closed,9.0
TER-00077,2019,weather_delay,A,2587000.0,0,50000.0,10000000.0,48,38944.0,38158.0,34590.0,3568.0,False,closed,47.0
TER-00078,2019,contractor_liability,A,4197000.0,1,100000.0,10000000.0,48,93032.0,99912.0,81000.0,18912.0,True,closed,20.0
TER-00079,2019,contractor_liability,B,1989000.0,2,100000.0,5000000.0,48,165021.0,153614.0,148708.0,4906.0,False,closed,18.0
TER-00080,2019,contractor_liability,A,1756000.0,0,100000.0,10000000.0,48,238754.0,245339.0,200302.0,45037.0,False,closed,69.0
TER-00081,2019,surety,A,2275000.0,0,25000.0,5000000.0,48,342904.0,341257.0,295411.0,45846.0,False,closed,65.0
TER-00082,2019,builders_risk,D,4531000.0,0,25000.0,2000000.0,48,265694.0,255970.0,228783.0,27187.0,False,closed,13.0
TER-00083,2019,equipment,B,1249000.0,2,25000.0,5000000.0,48,421077.0,455090.0,420101.0,34989.0,False,closed,32.0
TER-00084,2019,weather_delay,A,4537000.0,0,25000.0,10000000.0,48,111146.0,118283.0,96367.0,21916.0,False,closed,11.0
TER-00085,2019,equipment,C,1816000.0,3,25000.0,10000000.0,48,24664.0,22925.0,20860.0,2065.0,False,closed,3.0
TER-00086,2019,equipment,A,1442000.0,1,100000.0,10000000.0,48,71901.0,69336.0,71035.0,0.0,False,closed,36.0
TER-00087,2019,surety,A,4694000.0,0,100000.0,5000000.0,48,133482.0,144199.0,110485.0,33714.0,False,closed,27.0
TER-00088,2019,builders_risk,D,2382000.0,3,50000.0,10000000.0,48,51182.0,57239.0,50832.0,6407.0,False,closed,32.0
TER-00089,2019,weather_delay,C,1305000.0,3,50000.0,5000000.0,48,215553.0,222999.0,209229.0,13770.0,True,closed,77.0
TER-00090,2019,surety,B,2089000.0,3,25000.0,10000000.0,48,80328.0,87700.0,74658.0,13042.0,False,closed,15.0
TER-00091,2019,surety,A,3982000.0,1,50000.0,5000000.0,48,36318.0,40550.0,32162.0,8388.0,False,closed,27.0
TER-00092,2019,weather_delay,B,4537000.0,2,50000.0,10000000.0,48,308863.0,328297.0,259274.0,69023.0,False,closed,21.0
TER-00093,2019,surety,A,2019000.0,1,100000.0,10000000.0,48,193186.0,201269.0,158652.0,42617.0,False,closed,2.0
TER-00094,2019,weather_delay,A,3063000.0,1,25000.0,10000000.0,48,69867.0,66281.0,57342.0,8939.0,True,closed,16.0
TER-00095,2019,weather_delay,A,3573000.0,1,100000.0,10000000.0,48,146852.0,144134.0,127736.0,16398.0,False,closed,4.0
TER-00096,2019,equipment,A,1811000.0,1,50000.0,5000000.0,48,251756.0,261117.0,221905.0,39212.0,False,closed,19.0
TER-00097,2019,weather_delay,B,2986000.0,2,25000.0,10000000.0,48,96977.0,107044.0,95497.0,11547.0,False,closed,7.0
TER-00098,2019,weather_delay,A,2460000.0,2,50000.0,2000000.0,48,4203.0,4062.0,3813.0,249.0,True,closed,6.0
TER-00099,2019,weather_delay,A,1912000.0,1,50000.0,5000000.0,48,27303.0,26947.0,27252.0,0.0,False,closed,49.0
TER-00100,2019,weather_delay,D,1955000.0,2,100000.0,10000000.0,48,62613.0,56658.0,59118.0,0.0,False,closed,13.0
TER-00101,2019,builders_risk,B,2585000.0,1,50000.0,5000000.0,48,18252.0,19224.0,15136.0,4088.0,False,closed,14.0
TER-00102,2019,builders_risk,B,2538000.0,2,100000.0,2000000.0,48,63199.0,63046.0,57556.0,5490.0,False,closed,24.0
TER-00103,2019,equipment,A,1884000.0,1,25000.0,10000000.0,48,288476.0,310256.0,239976.0,70280.0,False,closed,1.0
TER-00104,2019,contractor_liability,C,2020000.0,2,25000.0,5000000.0,48,61865.0,58859.0,49977.0,8882.0,False,closed,8.0
TER-00105,2019,contractor_liability,B,4362000.0,2,50000.0,10000000.0,48,25598.0,26753.0,25310.0,1443.0,False,closed,9.0
TER-00106,2019,equipment,B,2782000.0,1,50000.0,10000000.0,48,847453.0,888199.0,735225.0,152974.0,False,closed,25.0
TER-00107,2019,builders_risk,B,3892000.0,1,100000.0,2000000.0,48,31934.0,32003.0,26758.0,5245.0,False,closed,22.0
TER-00108,2019,builders_risk,A,4559000.0,0,50000.0,5000000.0,48,11508.0,10835.0,9441.0,1394.0,True,closed,11.0
TER-00109,2019,builders_risk,A,3356000.0,1,100000.0,2000000.0,48,53905.0,53293.0,50155.0,3138.0,False,closed,59.0
TER-00110,2019,weather_delay,B,7781000.0,0,100000.0,5000000.0,48,105991.0,112765.0,94568.0,18197.0,True,closed,11.0
TER-00111,2019,equipment,D,1655000.0,2,100000.0,10000000.0,48,71700.0,67514.0,57527.0,9987.0,False,closed,9.0
TER-00112,2019,weather_delay,C,3745000.0,2,25000.0,10000000.0,48,189874.0,174648.0,179058.0,0.0,False,closed,25.0
TER-00113,2019,weather_delay,B,2132000.0,2,100000.0,10000000.0,48,40638.0,40712.0,34597.0,6115.0,False,closed,10.0
TER-00114,2019,contractor_liability,B,6323000.0,1,50000.0,2000000.0,48,31977.0,30429.0,30574.0,0.0,False,closed,43.0
TER-00115,2019,builders_risk,A,5850000.0,3,50000.0,5000000.0,48,50663.0,54520.0,45481.0,9039.0,False,closed,23.0
TER-00116,2019,builders_risk,C,941000.0,1,100000.0,10000000.0,48,140749.0,151980.0,127676.0,24304.0,False,closed,10.0
TER-00117,2019,contractor_liability,A,1540000.0,1,25000.0,10000000.0,48,35466.0,39295.0,31616.0,7679.0,True,closed,76.0
TER-00118,2019,equipment,A,3485000.0,0,50000.0,10000000.0,48,116741.0,126635.0,109176.0,17459.0,False,closed,13.0
TER-00119,2019,builders_risk,B,3711000.0,1,100000.0,2000000.0,48,46502.0,48475.0,46409.0,2066.0,False,closed,18.0
TER-00120,2019,contractor_liability,C,3613000.0,2,25000.0,5000000.0,48,1997720.0,1880157.0,1916961.0,0.0,False,closed,23.0
TER-00121,2019,builders_risk,C,2413000.0,1,100000.0,10000000.0,48,29775.0,32189.0,24232.0,7957.0,False,closed,23.0
TER-00122,2019,weather_delay,B,3139000.0,2,50000.0,2000000.0,48,289966.0,307416.0,260668.0,46748.0,False,closed,25.0
TER-00123,2019,contractor_liability,A,3465000.0,2,50000.0,10000000.0,48,65310.0,69510.0,55308.0,14202.0,False,closed,5.0
TER-00124,2019,builders_risk,A,2405000.0,0,25000.0,2000000.0,48,36766.0,38731.0,30166.0,8565.0,False,closed,19.0
TER-00125,2019,weather_delay,C,4178000.0,3,25000.0,2000000.0,48,176643.0,191235.0,148210.0,43025.0,False,closed,2.0
TER-00126,2019,contractor_liability,D,808000.0,2,100000.0,10000000.0,48,321435.0,310354.0,273099.0,37255.0,False,closed,15.0
TER-00127,2019,contractor_liability,A,3432000.0,2,25000.0,2000000.0,48,260988.0,273500.0,258886.0,14614.0,False,closed,16.0
TER-00128,2019,builders_risk,C,1491000.0,3,25000.0,2000000.0,48,88478.0,89700.0,83963.0,5737.0,True,closed,27.0
TER-00129,2019,contractor_liability,B,4038000.0,2,25000.0,2000000.0,48,44866.0,43714.0,43547.0,167.0,False,closed,9.0
TER-00130,2019,builders_risk,B,2230000.0,1,25000.0,2000000.0,48,29170.0,28350.0,27413.0,937.0,False,closed,22.0
TER-00131,2019,surety,B,1603000.0,0,100000.0,10000000.0,48,200233.0,187058.0,172827.0,14231.0,False,closed,12.0
TER-00132,2020,contractor_liability,A,2221000.0,0,25000.0,10000000.0,48,49453.0,46087.0,47782.0,0.0,True,closed,13.0
TER-00133,2020,weather_delay,B,3744000.0,2,50000.0,10000000.0,48,651537.0,623618.0,523646.0,99972.0,False,closed,10.0
TER-00134,2020,weather_delay,B,1574000.0,1,25000.0,2000000.0,48,84224.0,90636.0,71393.0,19243.0,False,closed,4.0
TER-00135,2020,equipment,A,1835000.0,0,50000.0,2000000.0,48,220136.0,242302.0,183912.0,58390.0,False,closed,33.0
TER-00136,2020,weather_delay,D,7672000.0,1,25000.0,5000000.0,48,35329.0,38559.0,30082.0,8477.0,False,closed,24.0
TER-00137,2020,weather_delay,B,1651000.0,3,50000.0,2000000.0,48,98162.0,99184.0,97093.0,2091.0,False,closed,48.0
TER-00138,2020,weather_delay,B,1756000.0,1,25000.0,10000000.0,48,137199.0,134568.0,110415.0,24153.0,False,closed,24.0
TER-00139,2020,weather_delay,A,2177000.0,0,50000.0,10000000.0,48,368003.0,367251.0,316390.0,50861.0,False,closed,8.0
TER-00140,2020,weather_delay,C,1499000.0,4,25000.0,2000000.0,48,39857.0,37418.0,36464.0,954.0,False,closed,60.0
TER-00141,2020,builders_risk,A,4534000.0,1,50000.0,2000000.0,48,79149.0,79871.0,74449.0,5422.0,False,closed,46.0
TER-00142,2020,builders_risk,B,5923000.0,6,100000.0,10000000.0,48,70484.0,67016.0,67295.0,0.0,False,closed,17.0
TER-00143,2020,builders_risk,C,1758000.0,1,50000.0,2000000.0,48,21432.0,20052.0,18789.0,1263.0,False,closed,27.0
TER-00144,2020,builders_risk,D,1055000.0,0,50000.0,5000000.0,48,74981.0,73762.0,63287.0,10475.0,True,closed,38.0
TER-00145,2020,equipment,D,4492000.0,3,100000.0,10000000.0,48,113994.0,104198.0,110628.0,0.0,True,closed,7.0
TER-00146,2020,builders_risk,C,4351000.0,2,50000.0,2000000.0,48,5452.0,5471.0,4495.0,976.0,False,closed,26.0
TER-00147,2020,builders_risk,A,3770000.0,3,50000.0,5000000.0,48,78750.0,82936.0,64024.0,18912.0,False,closed,1.0
TER-00148,2020,weather_delay,A,4457000.0,1,25000.0,10000000.0,48,97870.0,102109.0,82829.0,19280.0,False,closed,23.0
TER-00149,2020,weather_delay,B,1620000.0,2,100000.0,5000000.0,48,42756.0,47654.0,38417.0,9237.0,False,closed,74.0
TER-00150,2020,builders_risk,A,2298000.0,1,50000.0,10000000.0,48,10300.0,11277.0,10181.0,1096.0,True,closed,10.0
TER-00151,2020,weather_delay,D,1251000.0,3,25000.0,2000000.0,48,478309.0,497167.0,452370.0,44797.0,False,closed,8.0
TER-00152,2020,weather_delay,A,1230000.0,1,100000.0,5000000.0,48,73382.0,80535.0,66983.0,13552.0,False,closed,27.0
TER-00153,2020,contractor_liability,B,4083000.0,1,50000.0,5000000.0,48,245094.0,244549.0,221625.0,22924.0,False,closed,14.0
TER-00154,2020,surety,A,1787000.0,2,50000.0,10000000.0,48,422076.0,454049.0,396196.0,57853.0,False,closed,36.0
TER-00155,2020,equipment,A,7815000.0,2,100000.0,5000000.0,48,47744.0,45958.0,44177.0,1781.0,False,closed,29.0
TER-00156,2020,weather_delay,B,2594000.0,2,50000.0,2000000.0,48,159038.0,161563.0,137928.0,23635.0,False,closed,52.0
TER-00157,2020,weather_delay,A,1815000.0,1,100000.0,10000000.0,48,43085.0,48064.0,35267.0,12797.0,False,closed,65.0
TER-00158,2020,weather_delay,C,3726000.0,0,50000.0,5000000.0,48,77533.0,79994.0,65142.0,14852.0,True,closed,16.0
TER-00159,2020,builders_risk,B,6153000.0,3,100000.0,2000000.0,48,46889.0,47428.0,44851.0,2577.0,False,closed,15.0
TER-00160,2020,surety,B,3188000.0,2,50000.0,10000000.0,48,117092.0,125664.0,108531.0,17133.0,False,closed,52.0
TER-00161,2020,builders_risk,C,1360000.0,1,50000.0,5000000.0,48,201810.0,195497.0,193624.0,1873.0,False,closed,20.0
TER-00162,2021,weather_delay,B,1670000.0,1,100000.0,10000000.0,45,220279.0,198368.0,199606.0,0.0,False,closed,8.0
TER-00163,2021,surety,B,3871000.0,1,25000.0,10000000.0,42,190073.0,180163.0,161954.0,18209.0,False,closed,33.0
TER-00164,2021,contractor_liability,A,1497000.0,0,100000.0,2000000.0,41,81113.0,78739.0,71887.0,6852.0,False,closed,8.0
TER-00165,2021,weather_delay,A,1419000.0,2,25000.0,10000000.0,37,57986.0,57792.0,56063.0,1729.0,False,closed,28.0
TER-00166,2021,builders_risk,B,1249000.0,2,50000.0,5000000.0,48,88587.0,88443.0,82574.0,5869.0,False,closed,6.0
TER-00167,2021,builders_risk,C,1236000.0,0,100000.0,2000000.0,48,181968.0,185723.0,161776.0,23947.0,False,closed,16.0
TER-00168,2021,equipment,D,3164000.0,1,50000.0,2000000.0,42,405695.0,407445.0,346750.0,60695.0,False,closed,11.0
TER-00169,2021,contractor_liability,B,9033000.0,0,50000.0,2000000.0,45,125056.0,113455.0,120179.0,0.0,False,closed,14.0
TER-00170,2021,equipment,D,1520000.0,3,25000.0,2000000.0,48,377418.0,361843.0,351529.0,10314.0,False,closed,37.0
TER-00171,2021,contractor_liability,A,4023000.0,1,50000.0,10000000.0,42,78131.0,86854.0,69380.0,17474.0,False,closed,40.0
TER-00172,2021,contractor_liability,D,2834000.0,5,50000.0,2000000.0,39,468352.0,424342.0,456107.0,0.0,False,closed,19.0
TER-00173,2021,weather_delay,D,1441000.0,2,50000.0,10000000.0,38,98342.0,104389.0,92293.0,12096.0,False,closed,11.0
TER-00174,2021,contractor_liability,A,2177000.0,1,50000.0,5000000.0,37,7808.0,7845.0,7778.0,67.0,False,closed,36.0
TER-00175,2021,weather_delay,C,2225000.0,0,100000.0,5000000.0,37,337363.0,356094.0,314718.0,41376.0,True,closed,7.0
TER-00176,2021,weather_delay,C,1770000.0,3,100000.0,10000000.0,47,92724.0,90234.0,90868.0,0.0,True,closed,5.0
TER-00177,2021,weather_delay,C,6564000.0,6,25000.0,10000000.0,45,24210.0,23760.0,22033.0,1727.0,False,closed,18.0
TER-00178,2021,contractor_liability,C,964000.0,1,50000.0,5000000.0,41,83594.0,84739.0,78746.0,5993.0,False,closed,18.0
TER-00179,2021,builders_risk,B,3025000.0,0,100000.0,5000000.0,48,20280.0,22311.0,19641.0,2670.0,False,closed,22.0
TER-00180,2021,builders_risk,B,2951000.0,0,100000.0,10000000.0,43,465396.0,452479.0,380736.0,71743.0,True,closed,19.0
TER-00181,2021,builders_risk,B,1871000.0,1,25000.0,10000000.0,41,86508.0,79491.0,77411.0,2080.0,True,closed,97.0
TER-00182,2021,builders_risk,C,2694000.0,1,25000.0,5000000.0,48,12068.0,10963.0,11116.0,0.0,False,closed,10.0
TER-00183,2021,equipment,D,3877000.0,1,50000.0,2000000.0,45,266739.0,291798.0,216474.0,75324.0,False,closed,14.0
TER-00184,2021,contractor_liability,A,2698000.0,2,25000.0,2000000.0,39,45396.0,43990.0,43482.0,508.0,False,closed,11.0
TER-00185,2021,contractor_liability,C,3080000.0,0,25000.0,5000000.0,45,770261.0,713489.0,726440.0,0.0,False,closed,37.0
TER-00186,2021,weather_delay,A,3535000.0,0,100000.0,5000000.0,48,18376.0,18950.0,18142.0,808.0,False,closed,10.0
TER-00187,2021,builders_risk,A,905000.0,2,100000.0,10000000.0,41,3968.0,4309.0,3470.0,839.0,False,closed,7.0
TER-00188,2021,weather_delay,A,5236000.0,1,100000.0,10000000.0,41,59474.0,61371.0,53160.0,8211.0,False,closed,17.0
TER-00189,2021,equipment,B,7810000.0,1,25000.0,2000000.0,43,69921.0,65263.0,68689.0,0.0,True,closed,12.0
TER-00190,2021,weather_delay,A,4082000.0,0,50000.0,5000000.0,39,35837.0,35452.0,31619.0,3833.0,False,closed,24.0
TER-00191,2021,contractor_liability,A,4150000.0,0,25000.0,10000000.0,48,7285.0,6984.0,7044.0,0.0,False,closed,2.0
TER-00192,2021,weather_delay,A,1236000.0,0,100000.0,2000000.0,39,86880.0,78509.0,76826.0,1683.0,False,closed,34.0
TER-00193,2021,builders_risk,B,2356000.0,4,50000.0,2000000.0,46,297282.0,330712.0,257907.0,72805.0,True,closed,23.0
TER-00194,2021,contractor_liability,C,1666000.0,3,100000.0,10000000.0,43,13868.0,13882.0,11863.0,2019.0,False,closed,14.0
TER-00195,2021,weather_delay,A,1864000.0,3,25000.0,10000000.0,44,189837.0,176480.0,159975.0,16505.0,False,closed,11.0
TER-00196,2021,weather_delay,B,4054000.0,1,50000.0,2000000.0,42,37309.0,40841.0,33066.0,7775.0,False,closed,26.0
TER-00197,2021,builders_risk,B,1673000.0,1,100000.0,10000000.0,45,604333.0,674876.0,502996.0,171880.0,False,closed,15.0
TER-00198,2021,contractor_liability,A,2343000.0,0,50000.0,10000000.0,47,109062.0,117735.0,105310.0,12425.0,False,closed,25.0
TER-00199,2021,weather_delay,A,963000.0,0,100000.0,5000000.0,43,45565.0,43551.0,45332.0,0.0,False,closed,60.0
TER-00200,2021,contractor_liability,D,2310000.0,3,50000.0,2000000.0,37,401319.0,378010.0,328876.0,49134.0,True,closed,20.0
TER-00201,2021,builders_risk,D,2615000.0,3,25000.0,10000000.0,45,132954.0,135018.0,107821.0,27197.0,False,closed,40.0
TER-00202,2021,equipment,C,1758000.0,1,50000.0,2000000.0,37,66070.0,67944.0,52905.0,15039.0,False,closed,30.0
TER-00203,2021,weather_delay,A,1744000.0,3,100000.0,5000000.0,43,116993.0,127902.0,115403.0,12499.0,False,closed,12.0
TER-00204,2021,weather_delay,C,6421000.0,3,25000.0,5000000.0,38,48432.0,53895.0,39460.0,14435.0,False,closed,45.0
TER-00205,2021,surety,B,1365000.0,1,50000.0,10000000.0,46,17929.0,19727.0,16782.0,2945.0,False,closed,33.0
TER-00206,2021,contractor_liability,A,1478000.0,0,50000.0,5000000.0,44,582470.0,568058.0,501371.0,66687.0,False,closed,8.0
TER-00207,2021,contractor_liability,B,1668000.0,3,100000.0,2000000.0,44,58384.0,60067.0,49022.0,11045.0,False,closed,24.0
TER-00208,2021,weather_delay,D,4553000.0,2,50000.0,2000000.0,46,53352.0,49471.0,45310.0,4161.0,False,closed,62.0
TER-00209,2021,equipment,C,7150000.0,1,25000.0,2000000.0,39,175644.0,178130.0,164742.0,13388.0,False,closed,37.0
TER-00210,2021,weather_delay,B,2952000.0,0,25000.0,10000000.0,42,13181.0,12068.0,10592.0,1476.0,False,closed,33.0
TER-00211,2021,surety,A,1747000.0,0,50000.0,10000000.0,39,23175.0,21425.0,22548.0,0.0,False,closed,14.0
TER-00212,2021,equipment,D,2019000.0,1,50000.0,2000000.0,44,88958.0,82449.0,81269.0,1180.0,False,closed,19.0
TER-00213,2021,contractor_liability,D,4258000.0,2,25000.0,10000000.0,41,72850.0,70396.0,61713.0,8683.0,False,closed,27.0
TER-00214,2021,equipment,B,1585000.0,1,25000.0,2000000.0,44,108666.0,105203.0,91461.0,13742.0,False,closed,11.0
TER-00215,2021,weather_delay,A,5169000.0,0,50000.0,5000000.0,44,180381.0,190322.0,167925.0,22397.0,False,closed,4.0
TER-00216,2021,contractor_liability,B,5076000.0,3,50000.0,5000000.0,37,51233.0,46967.0,47435.0,0.0,True,closed,55.0
TER-00217,2021,builders_risk,B,2589000.0,0,25000.0,10000000.0,39,86065.0,79563.0,74328.0,5235.0,False,closed,11.0
TER-00218,2021,surety,B,3453000.0,3,100000.0,5000000.0,39,220516.0,230305.0,191144.0,39161.0,False,closed,55.0
TER-00219,2021,equipment,B,3637000.0,2,100000.0,2000000.0,41,32282.0,33832.0,28818.0,5014.0,False,closed,17.0
TER-00220,2021,builders_risk,A,5438000.0,1,50000.0,5000000.0,48,53386.0,56391.0,52430.0,3961.0,False,closed,9.0
TER-00221,2021,builders_risk,A,1478000.0,2,100000.0,10000000.0,42,15609.0,16521.0,14168.0,2353.0,False,closed,7.0
TER-00222,2021,contractor_liability,A,4513000.0,1,50000.0,5000000.0,40,210861.0,220528.0,204116.0,16412.0,False,closed,40.0
TER-00223,2021,equipment,A,2072000.0,3,25000.0,10000000.0,47,133039.0,135909.0,123483.0,12426.0,False,closed,15.0
TER-00224,2021,builders_risk,D,1703000.0,1,50000.0,2000000.0,48,77867.0,82780.0,71048.0,11732.0,False,closed,6.0
TER-00225,2021,surety,A,2632000.0,2,25000.0,5000000.0,40,23516.0,21586.0,21116.0,470.0,False,closed,26.0
TER-00226,2021,weather_delay,C,2246000.0,2,25000.0,2000000.0,42,93520.0,88526.0,87546.0,980.0,False,closed,19.0
TER-00227,2021,surety,C,1526000.0,2,100000.0,5000000.0,38,64006.0,68046.0,57497.0,10549.0,False,closed,11.0
TER-00228,2021,equipment,B,1125000.0,0,50000.0,5000000.0,39,211465.0,199276.0,199876.0,0.0,False,closed,11.0
TER-00229,2022,builders_risk,A,1481000.0,2,25000.0,5000000.0,33,9400.0,9332.0,7968.0,1364.0,True,closed,11.0
TER-00230,2022,weather_delay,A,2642000.0,1,50000.0,10000000.0,25,53487.0,50503.0,43966.0,6537.0,False,open,39.0
TER-00231,2022,contractor_liability,B,2847000.0,2,100000.0,2000000.0,27,75231.0,79117.0,70427.0,8690.0,False,open,9.0
TER-00232,2022,weather_delay,A,898000.0,2,50000.0,10000000.0,35,231605.0,219741.0,188946.0,30795.0,False,closed,2.0
TER-00233,2022,builders_risk,A,2527000.0,1,50000.0,2000000.0,31,28418.0,29058.0,24546.0,4512.0,False,closed,28.0
TER-00234,2022,contractor_liability,B,3463000.0,0,100000.0,5000000.0,25,73731.0,69213.0,62331.0,6882.0,False,open,10.0
TER-00235,2022,contractor_liability,B,2721000.0,1,100000.0,10000000.0,32,233227.0,234642.0,226306.0,8336.0,False,closed,63.0
TER-00236,2022,contractor_liability,A,1553000.0,2,50000.0,2000000.0,26,303807.0,331389.0,267251.0,64138.0,False,open,33.0
TER-00237,2022,weather_delay,C,4721000.0,0,100000.0,10000000.0,35,407618.0,394054.0,344567.0,49487.0,True,closed,2.0
TER-00238,2022,weather_delay,B,1767000.0,3,100000.0,5000000.0,33,564920.0,573949.0,515563.0,58386.0,True,closed,20.0
TER-00239,2022,builders_risk,C,1354000.0,3,50000.0,10000000.0,35,40980.0,40836.0,33490.0,7346.0,False,closed,12.0
TER-00240,2022,weather_delay,B,1458000.0,1,100000.0,2000000.0,30,108103.0,98958.0,95801.0,3157.0,True,closed,34.0
TER-00241,2022,contractor_liability,B,2485000.0,0,100000.0,10000000.0,25,117728.0,106491.0,93531.0,12960.0,False,open,16.0
TER-00242,2022,weather_delay,B,4092000.0,2,50000.0,5000000.0,31,108713.0,117991.0,92592.0,25399.0,False,closed,46.0
TER-00243,2022,surety,B,4483000.0,1,50000.0,10000000.0,31,68845.0,67115.0,60888.0,6227.0,False,closed,31.0
TER-00244,2022,builders_risk,A,2780000.0,2,50000.0,2000000.0,28,238036.0,250160.0,202088.0,48072.0,False,closed,80.0
TER-00245,2022,equipment,A,1378000.0,1,100000.0,5000000.0,27,66790.0,66175.0,51152.0,15023.0,False,open,28.0
TER-00246,2022,contractor_liability,C,1802000.0,0,25000.0,5000000.0,26,37330.0,40482.0,27422.0,13060.0,False,open,12.0
TER-00247,2022,equipment,A,1597000.0,1,25000.0,2000000.0,36,137630.0,129772.0,131605.0,0.0,False,closed,19.0
TER-00248,2022,surety,B,2289000.0,0,25000.0,2000000.0,34,805878.0,811070.0,645174.0,165896.0,False,closed,10.0
TER-00249,2022,builders_risk,C,1031000.0,1,25000.0,5000000.0,27,68205.0,69613.0,63765.0,5848.0,False,open,7.0
TER-00250,2022,surety,B,2645000.0,1,50000.0,10000000.0,26,427216.0,459080.0,377745.0,81335.0,False,open,23.0
TER-00251,2022,weather_delay,B,3454000.0,1,100000.0,2000000.0,35,94170.0,85363.0,93931.0,0.0,False,closed,29.0
TER-00252,2022,contractor_liability,D,2322000.0,2,50000.0,2000000.0,28,75055.0,73534.0,69842.0,3692.0,False,closed,15.0
TER-00253,2022,surety,A,3149000.0,3,25000.0,2000000.0,28,46527.0,46738.0,36210.0,10528.0,True,closed,20.0
TER-00254,2022,contractor_liability,A,1565000.0,2,25000.0,5000000.0,34,59354.0,61107.0,48860.0,12247.0,False,closed,8.0
TER-00255,2022,contractor_liability,C,1209000.0,1,50000.0,5000000.0,26,707877.0,659120.0,551976.0,107144.0,False,open,11.0
TER-00256,2022,builders_risk,A,1819000.0,1,50000.0,10000000.0,28,12483.0,12728.0,10149.0,2579.0,False,closed,13.0
TER-00257,2022,contractor_liability,B,4461000.0,0,50000.0,10000000.0,27,470223.0,494938.0,358000.0,136938.0,True,open,3.0
TER-00258,2022,builders_risk,C,4186000.0,0,25000.0,2000000.0,36,21732.0,23064.0,21371.0,1693.0,False,closed,12.0
TER-00259,2022,weather_delay,B,1990000.0,1,50000.0,10000000.0,34,116669.0,110760.0,114575.0,0.0,False,closed,7.0
TER-00260,2022,weather_delay,D,4566000.0,2,100000.0,5000000.0,27,535083.0,533465.0,478268.0,55197.0,True,open,14.0
TER-00261,2022,surety,C,2126000.0,2,50000.0,10000000.0,30,277585.0,268023.0,236117.0,31906.0,False,closed,2.0
TER-00262,2022,contractor_liability,C,5326000.0,4,50000.0,2000000.0,31,138412.0,136375.0,134325.0,2050.0,False,closed,26.0
TER-00263,2022,contractor_liability,A,3183000.0,1,100000.0,2000000.0,27,12210.0,11964.0,11033.0,931.0,False,open,45.0
TER-00264,2022,builders_risk,A,1995000.0,0,25000.0,2000000.0,31,61437.0,68068.0,53126.0,14942.0,False,closed,17.0
TER-00265,2022,weather_delay,C,3722000.0,0,50000.0,2000000.0,36,62262.0,56219.0,51399.0,4820.0,False,closed,26.0
TER-00266,2022,equipment,C,1698000.0,2,25000.0,2000000.0,31,1826493.0,2024667.0,1510719.0,513948.0,False,closed,20.0
TER-00267,2022,builders_risk,A,1566000.0,0,50000.0,10000000.0,26,33568.0,30456.0,26722.0,3734.0,False,open,32.0
TER-00268,2022,surety,A,1210000.0,1,25000.0,2000000.0,34,117039.0,107341.0,113109.0,0.0,False,closed,19.0
TER-00269,2022,weather_delay,A,2845000.0,0,25000.0,2000000.0,30,36628.0,34625.0,29862.0,4763.0,False,closed,4.0
TER-00270,2022,weather_delay,A,2434000.0,0,25000.0,10000000.0,25,73849.0,71124.0,56793.0,14331.0,False,open,58.0
TER-00271,2022,weather_delay,B,2405000.0,1,50000.0,2000000.0,28,38446.0,41856.0,32553.0,9303.0,False,closed,4.0
TER-00272,2022,weather_delay,B,2037000.0,1,50000.0,2000000.0,31,417987.0,453540.0,408990.0,44550.0,False,closed,29.0
TER-00273,2022,weather_delay,B,5131000.0,0,25000.0,5000000.0,29,113269.0,125229.0,94080.0,31149.0,False,closed,34.0
TER-00274,2022,weather_delay,A,2023000.0,1,25000.0,2000000.0,34,220442.0,217298.0,205257.0,12041.0,False,closed,5.0
TER-00275,2022,contractor_liability,A,1741000.0,0,100000.0,10000000.0,32,33626.0,30381.0,29073.0,1308.0,False,closed,13.0
TER-00276,2022,builders_risk,A,4662000.0,1,25000.0,2000000.0,25,24816.0,25751.0,20019.0,5732.0,False,open,14.0
TER-00277,2022,builders_risk,A,5088000.0,1,100000.0,2000000.0,34,162432.0,178321.0,156657.0,21664.0,False,closed,20.0
TER-00278,2022,weather_delay,A,2962000.0,0,100000.0,10000000.0,31,44016.0,40655.0,42472.0,0.0,False,closed,33.0
TER-00279,2022,builders_risk,D,1047000.0,2,50000.0,5000000.0,31,11544.0,12492.0,11187.0,1305.0,False,closed,5.0
TER-00280,2022,weather_delay,B,1852000.0,1,50000.0,5000000.0,30,228467.0,205710.0,196144.0,9566.0,False,closed,16.0
TER-00281,2022,weather_delay,A,3396000.0,1,25000.0,5000000.0,29,36835.0,39086.0,31500.0,7586.0,False,closed,35.0
TER-00282,2022,equipment,B,2522000.0,0,100000.0,5000000.0,29,63520.0,64061.0,52374.0,11687.0,False,closed,37.0
TER-00283,2022,builders_risk,D,5438000.0,3,50000.0,5000000.0,30,199304.0,219198.0,169621.0,49577.0,False,closed,39.0
TER-00284,2022,weather_delay,C,1262000.0,2,50000.0,5000000.0,31,77116.0,84249.0,63534.0,20715.0,False,closed,33.0
TER-00285,2022,equipment,B,3510000.0,0,100000.0,2000000.0,27,253451.0,230699.0,227346.0,3353.0,False,open,15.0
TER-00286,2022,weather_delay,B,1827000.0,4,50000.0,10000000.0,32,72934.0,73634.0,59037.0,14597.0,False,closed,7.0
TER-00287,2022,equipment,B,4844000.0,5,25000.0,5000000.0,33,482032.0,459499.0,404107.0,55392.0,False,closed,41.0
TER-00288,2022,contractor_liability,B,2408000.0,0,25000.0,5000000.0,33,338819.0,337689.0,324600.0,13089.0,False,closed,17.0
TER-00289,2022,builders_risk,C,4185000.0,1,50000.0,10000000.0,33,38195.0,34933.0,36426.0,0.0,True,closed,32.0
TER-00290,2022,weather_delay,C,1809000.0,3,50000.0,5000000.0,35,145613.0,142602.0,144841.0,0.0,True,closed,8.0
TER-00291,2022,equipment,B,1236000.0,0,25000.0,10000000.0,29,42067.0,41641.0,36881.0,4760.0,False,closed,3.0
TER-00292,2022,weather_delay,C,1435000.0,2,50000.0,2000000.0,32,224717.0,202438.0,181801.0,20637.0,False,closed,25.0
TER-00293,2022,contractor_liability,B,1846000.0,0,50000.0,2000000.0,36,281670.0,282908.0,270864.0,12044.0,False,closed,53.0
TER-00294,2022,surety,B,1498000.0,2,50000.0,5000000.0,36,25668.0,28153.0,22004.0,6149.0,False,closed,12.0
TER-00295,2022,contractor_liability,A,4556000.0,0,25000.0,10000000.0,30,180806.0,165142.0,172603.0,0.0,False,closed,5.0
TER-00296,2022,weather_delay,A,4883000.0,0,100000.0,10000000.0,32,30408.0,33687.0,24444.0,9243.0,False,closed,27.0
TER-00297,2022,equipment,A,2866000.0,1,50000.0,5000000.0,33,33451.0,33707.0,26994.0,6713.0,False,closed,25.0
TER-00298,2022,weather_delay,D,1491000.0,3,25000.0,5000000.0,28,34047.0,32220.0,30441.0,1779.0,False,closed,12.0
TER-00299,2022,builders_risk,C,2356000.0,3,100000.0,10000000.0,31,571270.0,635939.0,535178.0,100761.0,False,closed,4.0
TER-00300,2022,builders_risk,C,1774000.0,1,25000.0,5000000.0,26,66640.0,66918.0,54891.0,12027.0,False,open,51.0
TER-00301,2022,contractor_liability,C,5172000.0,3,25000.0,10000000.0,31,133099.0,132583.0,120646.0,11937.0,False,closed,13.0
TER-00302,2022,surety,C,2928000.0,2,50000.0,10000000.0,25,70416.0,69206.0,56200.0,13006.0,False,open,49.0
TER-00303,2022,contractor_liability,B,3193000.0,3,100000.0,10000000.0,28,258377.0,282637.0,207538.0,75099.0,False,closed,4.0
TER-00304,2022,builders_risk,C,2047000.0,2,100000.0,2000000.0,28,6885.0,6393.0,5440.0,953.0,True,closed,23.0
TER-00305,2022,surety,A,915000.0,0,50000.0,2000000.0,33,98726.0,93425.0,85880.0,7545.0,False,closed,9.0
TER-00306,2022,weather_delay,B,1700000.0,0,100000.0,2000000.0,26,1513078.0,1456048.0,1242429.0,213619.0,False,open,15.0
TER-00307,2022,builders_risk,A,1430000.0,2,100000.0,5000000.0,32,28121.0,25695.0,23896.0,1799.0,False,closed,27.0
TER-00308,2022,contractor_liability,D,3008000.0,5,50000.0,10000000.0,33,128010.0,138980.0,106991.0,31989.0,False,closed,15.0
TER-00309,2022,weather_delay,C,2624000.0,2,100000.0,10000000.0,28,368959.0,371725.0,318993.0,52732.0,False,closed,32.0
TER-00310,2022,builders_risk,A,1674000.0,3,50000.0,10000000.0,33,17915.0,18495.0,15800.0,2695.0,False,closed,23.0
TER-00311,2022,contractor_liability,C,2059000.0,0,50000.0,2000000.0,32,105435.0,115431.0,90014.0,25417.0,False,closed,10.0
TER-00312,2022,contractor_liability,C,5471000.0,2,50000.0,2000000.0,32,282351.0,284848.0,278231.0,6617.0,False,closed,5.0
TER-00313,2022,surety,A,1547000.0,1,100000.0,5000000.0,26,117738.0,113121.0,105079.0,8042.0,False,open,8.0
TER-00314,2022,builders_risk,B,1580000.0,2,100000.0,2000000.0,29,75732.0,77010.0,61294.0,15716.0,False,closed,34.0
TER-00315,2022,surety,B,2230000.0,1,100000.0,10000000.0,28,81243.0,82060.0,70773.0,11287.0,False,closed,7.0
TER-00316,2022,equipment,B,1762000.0,1,25000.0,2000000.0,30,140356.0,135548.0,118959.0,16589.0,False,closed,2.0
TER-00317,2022,builders_risk,C,2018000.0,1,50000.0,5000000.0,35,66435.0,63179.0,57614.0,5565.0,False,closed,33.0
TER-00318,2022,weather_delay,C,3261000.0,1,100000.0,5000000.0,28,839376.0,821511.0,657496.0,164015.0,False,closed,38.0
TER-00319,2022,contractor_liability,A,5944000.0,0,100000.0,5000000.0,29,147632.0,156742.0,120470.0,36272.0,False,closed,6.0
TER-00320,2022,weather_delay,B,1027000.0,3,100000.0,2000000.0,36,115466.0,108119.0,93147.0,14972.0,False,closed,29.0
TER-00321,2022,builders_risk,B,2477000.0,1,100000.0,10000000.0,30,3930.0,4398.0,3243.0,1155.0,False,closed,10.0
TER-00322,2022,equipment,A,2552000.0,0,50000.0,5000000.0,25,174916.0,166478.0,141186.0,25292.0,False,open,6.0
TER-00323,2022,builders_risk,A,2397000.0,1,50000.0,10000000.0,33,92823.0,89109.0,75713.0,13396.0,False,closed,27.0
TER-00324,2022,weather_delay,B,2277000.0,1,25000.0,5000000.0,28,56945.0,52790.0,54101.0,0.0,False,closed,7.0
TER-00325,2022,weather_delay,A,2109000.0,1,25000.0,5000000.0,32,14978.0,14771.0,14387.0,384.0,False,closed,29.0
TER-00326,2022,surety,A,4130000.0,0,50000.0,2000000.0,31,28947.0,28420.0,24716.0,3704.0,False,closed,17.0
TER-00327,2022,contractor_liability,B,1981000.0,1,25000.0,5000000.0,30,222874.0,234018.0,209123.0,24895.0,False,closed,6.0
TER-00328,2022,weather_delay,D,2346000.0,2,25000.0,10000000.0,27,72735.0,79800.0,67534.0,12266.0,True,open,36.0
TER-00329,2022,surety,B,2500000.0,2,25000.0,2000000.0,35,72374.0,69083.0,59582.0,9501.0,True,closed,10.0
TER-00330,2022,weather_delay,B,2638000.0,1,50000.0,2000000.0,35,187965.0,202639.0,171427.0,31212.0,False,closed,14.0
TER-00331,2022,contractor_liability,C,2295000.0,1,25000.0,10000000.0,29,372297.0,360318.0,332503.0,27815.0,False,closed,28.0
TER-00332,2022,builders_risk,B,4120000.0,2,50000.0,5000000.0,30,50330.0,49801.0,43388.0,6413.0,False,closed,42.0
TER-00333,2022,equipment,B,2489000.0,4,50000.0,5000000.0,32,90685.0,84176.0,77770.0,6406.0,False,closed,12.0
TER-00334,2022,equipment,A,2727000.0,1,100000.0,5000000.0,29,46363.0,50832.0,37892.0,12940.0,False,closed,18.0
TER-00335,2022,equipment,C,2437000.0,0,50000.0,2000000.0,32,681969.0,669782.0,633833.0,35949.0,False,closed,8.0
TER-00336,2022,weather_delay,A,1514000.0,2,25000.0,5000000.0,25,373937.0,394201.0,272515.0,121686.0,False,open,4.0
TER-00337,2022,builders_risk,A,1651000.0,0,50000.0,10000000.0,35,38008.0,34428.0,33620.0,808.0,False,closed,24.0
TER-00338,2022,contractor_liability,B,1479000.0,1,25000.0,5000000.0,28,19447.0,20485.0,18635.0,1850.0,False,closed,29.0
TER-00339,2022,surety,B,2753000.0,1,50000.0,5000000.0,30,51139.0,48571.0,44473.0,4098.0,False,closed,44.0
TER-00340,2022,weather_delay,C,1750000.0,3,50000.0,2000000.0,32,334721.0,334494.0,288943.0,45551.0,False,closed,16.0
TER-00341,2022,builders_risk,A,1470000.0,0,100000.0,10000000.0,27,19690.0,20640.0,18210.0,2430.0,False,open,64.0
TER-00342,2022,builders_risk,D,2816000.0,4,100000.0,5000000.0,28,195304.0,183109.0,174065.0,9044.0,False,closed,8.0
TER-00343,2022,surety,B,3250000.0,1,100000.0,10000000.0,30,171379.0,174118.0,156658.0,17460.0,False,closed,10.0
TER-00344,2022,builders_risk,C,1037000.0,0,25000.0,2000000.0,25,85196.0,92340.0,62453.0,29887.0,False,open,23.0
TER-00345,2022,builders_risk,B,5819000.0,1,25000.0,5000000.0,28,101879.0,95354.0,91942.0,3412.0,False,closed,3.0
TER-00346,2022,builders_risk,A,2541000.0,0,50000.0,5000000.0,31,70894.0,71098.0,62091.0,9007.0,False,closed,27.0
TER-00347,2022,equipment,A,2372000.0,0,100000.0,2000000.0,26,33611.0,31611.0,27575.0,4036.0,False,open,17.0
TER-00348,2022,weather_delay,B,4262000.0,1,25000.0,2000000.0,28,105924.0,98671.0,90576.0,8095.0,False,closed,20.0
TER-00349,2022,contractor_liability,B,2589000.0,1,100000.0,10000000.0,36,983299.0,990968.0,802580.0,188388.0,False,closed,4.0
TER-00350,2022,contractor_liability,B,1848000.0,2,50000.0,5000000.0,35,23709.0,23720.0,23129.0,591.0,False,closed,14.0
TER-00351,2022,weather_delay,B,7490000.0,3,50000.0,2000000.0,27,90610.0,94383.0,79710.0,14673.0,False,open,26.0
TER-00352,2022,contractor_liability,A,1461000.0,0,25000.0,10000000.0,33,211260.0,230002.0,209495.0,20507.0,False,closed,29.0
TER-00353,2022,weather_delay,B,2381000.0,0,50000.0,10000000.0,32,126168.0,133164.0,108668.0,24496.0,True,closed,20.0
TER-00354,2022,weather_delay,A,3819000.0,1,50000.0,10000000.0,33,52045.0,50691.0,44566.0,6125.0,False,closed,32.0
TER-00355,2022,weather_delay,C,1464000.0,2,100000.0,10000000.0,27,45400.0,45715.0,35205.0,10510.0,False,open,72.0
TER-00356,2022,builders_risk,A,2376000.0,0,50000.0,2000000.0,35,73737.0,77293.0,63498.0,13795.0,False,closed,17.0
TER-00357,2022,contractor_liability,D,3033000.0,3,100000.0,2000000.0,31,366865.0,397872.0,317345.0,80527.0,False,closed,6.0
TER-00358,2022,builders_risk,C,8307000.0,2,50000.0,10000000.0,34,272478.0,286158.0,228007.0,58151.0,True,closed,73.0
TER-00359,2022,builders_risk,B,1600000.0,1,100000.0,10000000.0,34,54280.0,54854.0,46296.0,8558.0,False,closed,9.0
TER-00360,2022,equipment,C,2441000.0,2,25000.0,5000000.0,28,368719.0,342674.0,307862.0,34812.0,False,closed,44.0
TER-00361,2022,weather_delay,B,3475000.0,0,100000.0,5000000.0,25,50413.0,55002.0,42518.0,12484.0,False,open,26.0
TER-00362,2022,builders_risk,B,2603000.0,0,25000.0,2000000.0,31,61197.0,58865.0,54420.0,4445.0,False,closed,9.0
TER-00363,2022,contractor_liability,C,1370000.0,3,25000.0,5000000.0,29,50544.0,49994.0,48722.0,1272.0,False,closed,33.0
TER-00364,2022,weather_delay,C,3066000.0,1,25000.0,2000000.0,28,218628.0,239313.0,172159.0,67154.0,True,closed,64.0
TER-00365,2022,builders_risk,A,2638000.0,1,25000.0,10000000.0,26,92381.0,87357.0,69863.0,17494.0,False,open,1.0
TER-00366,2022,weather_delay,D,3124000.0,2,25000.0,10000000.0,27,684065.0,753184.0,635248.0,117936.0,True,open,24.0
TER-00367,2022,contractor_liability,A,4402000.0,1,50000.0,2000000.0,34,24403.0,23193.0,19768.0,3425.0,False,closed,21.0
TER-00368,2022,builders_risk,A,4149000.0,0,25000.0,2000000.0,27,158941.0,146097.0,121276.0,24821.0,False,open,52.0
TER-00369,2022,surety,B,3065000.0,2,25000.0,10000000.0,34,71253.0,72179.0,64384.0,7795.0,False,closed,33.0
TER-00370,2022,equipment,B,2920000.0,0,25000.0,2000000.0,26,34322.0,36895.0,26584.0,10311.0,False,open,6.0
TER-00371,2022,weather_delay,B,1443000.0,1,100000.0,10000000.0,35,124674.0,123243.0,104581.0,18662.0,False,closed,1.0
TER-00372,2022,surety,B,2338000.0,1,50000.0,5000000.0,27,25246.0,27402.0,21816.0,5586.0,False,open,27.0
TER-00373,2022,builders_risk,B,2791000.0,4,50000.0,5000000.0,34,51546.0,50886.0,47516.0,3370.0,False,closed,33.0
TER-00374,2022,builders_risk,D,2046000.0,4,50000.0,10000000.0,27,103737.0,111965.0,81461.0,30504.0,False,open,13.0
TER-00375,2022,surety,D,2625000.0,5,50000.0,2000000.0,27,141735.0,131077.0,120627.0,10450.0,False,open,16.0
TER-00376,2022,weather_delay,B,1655000.0,0,100000.0,10000000.0,33,261861.0,252000.0,233308.0,18692.0,False,closed,7.0
TER-00377,2022,builders_risk,A,5384000.0,0,100000.0,5000000.0,26,30182.0,27977.0,26411.0,1566.0,False,open,31.0
TER-00378,2022,contractor_liability,B,7333000.0,1,50000.0,5000000.0,28,84636.0,89944.0,66954.0,22990.0,False,closed,20.0
TER-00379,2022,contractor_liability,A,2058000.0,0,50000.0,10000000.0,32,15202.0,15252.0,12870.0,2382.0,False,closed,32.0
TER-00380,2022,contractor_liability,B,3054000.0,0,50000.0,2000000.0,25,88139.0,92038.0,69854.0,22184.0,False,open,15.0
TER-00381,2023,contractor_liability,B,826000.0,1,50000.0,2000000.0,24,68621.0,68340.0,54513.0,13827.0,False,open,8.0
TER-00382,2023,surety,A,1994000.0,0,100000.0,5000000.0,17,782966.0,767967.0,431681.0,336286.0,False,open,4.0
TER-00383,2023,builders_risk,B,1806000.0,1,50000.0,10000000.0,18,323115.0,358973.0,162000.0,196973.0,False,open,24.0
TER-00384,2023,weather_delay,B,3274000.0,0,25000.0,2000000.0,17,45011.0,50383.0,23549.0,26834.0,False,open,68.0
TER-00385,2023,builders_risk,B,3874000.0,2,100000.0,10000000.0,22,45779.0,42556.0,29678.0,12878.0,False,open,17.0
TER-00386,2023,builders_risk,B,1631000.0,2,50000.0,10000000.0,15,180838.0,195948.0,85054.0,110894.0,True,open,40.0
TER-00387,2023,builders_risk,B,5589000.0,1,50000.0,10000000.0,13,22425.0,22694.0,8405.0,14289.0,False,open,12.0
TER-00388,2023,equipment,C,1859000.0,0,25000.0,5000000.0,24,189238.0,205338.0,130424.0,74914.0,False,open,30.0
TER-00389,2023,contractor_liability,A,894000.0,0,50000.0,5000000.0,20,73267.0,71891.0,50385.0,21506.0,False,open,34.0
TER-00390,2023,weather_delay,C,761000.0,1,100000.0,5000000.0,23,40016.0,42817.0,31194.0,11623.0,False,open,15.0
TER-00391,2023,weather_delay,B,5397000.0,1,100000.0,2000000.0,24,53751.0,48430.0,36709.0,11721.0,False,open,61.0
TER-00392,2023,builders_risk,B,2393000.0,0,25000.0,5000000.0,18,9958.0,9987.0,6009.0,3978.0,False,open,18.0
TER-00393,2023,equipment,B,1809000.0,0,25000.0,2000000.0,17,57589.0,56046.0,27643.0,28403.0,False,open,64.0
TER-00394,2023,weather_delay,A,1720000.0,0,100000.0,2000000.0,17,6902.0,6594.0,3535.0,3059.0,True,open,11.0
TER-00395,2023,builders_risk,D,1448000.0,1,100000.0,2000000.0,19,847329.0,818611.0,558325.0,260286.0,False,open,7.0
TER-00396,2023,contractor_liability,C,4916000.0,5,100000.0,2000000.0,14,505337.0,501400.0,242730.0,258670.0,True,open,3.0
TER-00397,2023,surety,D,2397000.0,4,25000.0,10000000.0,15,641805.0,647651.0,298672.0,348979.0,False,open,41.0
TER-00398,2023,builders_risk,B,6119000.0,1,25000.0,2000000.0,24,71120.0,72222.0,55734.0,16488.0,True,open,24.0
TER-00399,2023,surety,C,2263000.0,1,50000.0,2000000.0,23,412456.0,437864.0,288724.0,149140.0,False,open,14.0
TER-00400,2023,builders_risk,C,772000.0,3,25000.0,5000000.0,21,240439.0,260130.0,170015.0,90115.0,False,open,11.0
TER-00401,2023,weather_delay,B,3813000.0,1,50000.0,10000000.0,22,198700.0,220860.0,131025.0,89835.0,False,open,13.0
TER-00402,2023,surety,D,2080000.0,0,25000.0,2000000.0,24,462648.0,484490.0,324339.0,160151.0,False,open,48.0
TER-00403,2023,surety,C,2221000.0,2,25000.0,2000000.0,13,55400.0,52989.0,20728.0,32261.0,False,open,30.0
TER-00404,2023,builders_risk,A,5474000.0,1,25000.0,5000000.0,20,66380.0,68195.0,42693.0,25502.0,False,open,1.0
TER-00405,2023,contractor_liability,A,2192000.0,0,50000.0,10000000.0,22,39652.0,39512.0,27611.0,11901.0,False,open,6.0
TER-00406,2023,contractor_liability,B,4470000.0,1,100000.0,5000000.0,19,24570.0,23384.0,15894.0,7490.0,False,open,4.0
TER-00407,2023,weather_delay,B,2494000.0,3,25000.0,5000000.0,20,20585.0,20032.0,11856.0,8176.0,False,open,25.0
TER-00408,2023,equipment,B,1717000.0,2,50000.0,10000000.0,21,158904.0,151025.0,111338.0,39687.0,False,open,22.0
TER-00409,2023,contractor_liability,B,3222000.0,1,50000.0,10000000.0,22,256164.0,260913.0,193482.0,67431.0,False,open,37.0
TER-00410,2023,builders_risk,C,1851000.0,0,100000.0,10000000.0,23,14987.0,13706.0,11363.0,2343.0,False,open,14.0
TER-00411,2023,weather_delay,C,4620000.0,3,25000.0,5000000.0,14,520399.0,530552.0,208196.0,322356.0,False,open,15.0
TER-00412,2023,contractor_liability,A,4040000.0,0,50000.0,2000000.0,23,324386.0,321337.0,215198.0,106139.0,False,open,12.0
TER-00413,2023,contractor_liability,B,2580000.0,1,100000.0,10000000.0,16,56790.0,51193.0,25794.0,25399.0,False,open,33.0
TER-00414,2023,weather_delay,C,3391000.0,0,50000.0,5000000.0,17,51146.0,49135.0,26168.0,22967.0,False,open,7.0
TER-00415,2023,contractor_liability,C,3315000.0,0,50000.0,2000000.0,20,95742.0,106619.0,63283.0,43336.0,False,open,12.0
TER-00416,2023,builders_risk,A,2178000.0,0,25000.0,10000000.0,19,118153.0,121402.0,64617.0,56785.0,False,open,3.0
TER-00417,2023,builders_risk,B,3911000.0,0,100000.0,2000000.0,20,34437.0,31484.0,21279.0,10205.0,True,open,34.0
TER-00418,2023,builders_risk,A,2231000.0,0,25000.0,10000000.0,24,13188.0,13545.0,8890.0,4655.0,False,open,5.0
TER-00419,2023,contractor_liability,B,3402000.0,3,100000.0,5000000.0,22,121241.0,127894.0,86655.0,41239.0,True,open,13.0
TER-00420,2023,weather_delay,D,1554000.0,3,100000.0,2000000.0,19,11594.0,10778.0,6270.0,4508.0,False,open,19.0
TER-00421,2023,equipment,A,2631000.0,0,50000.0,10000000.0,22,95856.0,94763.0,70193.0,24570.0,False,open,14.0
TER-00422,2023,surety,C,3078000.0,1,100000.0,5000000.0,22,484535.0,458879.0,341458.0,117421.0,False,open,1.0
TER-00423,2023,builders_risk,B,1686000.0,3,25000.0,10000000.0,22,70814.0,72185.0,45337.0,26848.0,False,open,29.0
TER-00424,2023,weather_delay,D,2032000.0,1,50000.0,2000000.0,19,229746.0,248337.0,142426.0,105911.0,False,open,34.0
TER-00425,2023,weather_delay,C,1917000.0,2,100000.0,10000000.0,17,139183.0,132604.0,71463.0,61141.0,False,open,21.0
TER-00426,2023,weather_delay,A,3602000.0,0,100000.0,10000000.0,22,119277.0,111008.0,82435.0,28573.0,False,open,14.0
TER-00427,2023,surety,B,1747000.0,4,100000.0,5000000.0,15,136638.0,127156.0,64854.0,62302.0,False,open,18.0
TER-00428,2023,contractor_liability,C,3118000.0,1,100000.0,2000000.0,13,43100.0,44616.0,16621.0,27995.0,False,open,75.0
TER-00429,2023,weather_delay,A,5369000.0,1,25000.0,2000000.0,13,43852.0,40136.0,17487.0,22649.0,False,open,10.0
TER-00430,2023,contractor_liability,C,2995000.0,1,25000.0,5000000.0,13,95314.0,96821.0,41185.0,55636.0,False,open,8.0
TER-00431,2023,weather_delay,A,1119000.0,0,25000.0,10000000.0,19,208135.0,224411.0,133590.0,90821.0,False,open,36.0
TER-00432,2024,weather_delay,B,2734000.0,0,25000.0,10000000.0,8,187614.0,183032.0,46387.0,136645.0,True,open,24.0
TER-00433,2024,contractor_liability,B,3134000.0,3,100000.0,2000000.0,12,39229.0,43894.0,13086.0,30808.0,False,open,22.0
TER-00434,2024,contractor_liability,A,2473000.0,0,100000.0,2000000.0,1,44047.0,43426.0,1941.0,41485.0,False,open,10.0
TER-00435,2024,surety,A,2069000.0,0,100000.0,5000000.0,4,33068.0,31560.0,4155.0,27405.0,False,open,27.0
TER-00436,2024,builders_risk,C,3156000.0,3,100000.0,2000000.0,10,102275.0,96713.0,34077.0,62636.0,False,open,56.0
TER-00437,2024,builders_risk,A,2042000.0,1,25000.0,5000000.0,3,217980.0,229541.0,19667.0,209874.0,False,open,13.0
TER-00438,2024,weather_delay,B,2583000.0,2,100000.0,10000000.0,8,128966.0,134110.0,33313.0,100797.0,False,open,49.0
TER-00439,2024,weather_delay,A,1790000.0,1,25000.0,10000000.0,8,349647.0,333067.0,90582.0,242485.0,False,open,34.0
TER-00440,2024,equipment,C,1187000.0,1,25000.0,5000000.0,1,49616.0,50058.0,2245.0,47813.0,False,open,18.0
TER-00441,2024,weather_delay,D,1786000.0,0,100000.0,10000000.0,3,333384.0,321063.0,32042.0,289021.0,False,open,2.0
TER-00442,2024,weather_delay,B,1952000.0,1,25000.0,2000000.0,10,1816954.0,1969944.0,562741.0,1407203.0,False,open,18.0
TER-00443,2024,weather_delay,A,2519000.0,0,50000.0,5000000.0,10,30263.0,29619.0,9689.0,19930.0,True,open,10.0
TER-00444,2024,contractor_liability,C,4520000.0,1,100000.0,10000000.0,7,407077.0,421504.0,88270.0,333234.0,False,open,25.0
TER-00445,2024,weather_delay,B,1074000.0,2,100000.0,10000000.0,10,554557.0,610561.0,189163.0,421398.0,False,open,13.0
TER-00446,2024,builders_risk,C,2666000.0,2,50000.0,2000000.0,2,9437.0,8989.0,539.0,8450.0,False,open,17.0
TER-00447,2024,contractor_liability,A,827000.0,1,50000.0,2000000.0,3,16592.0,18409.0,1681.0,16728.0,False,open,11.0
TER-00448,2024,builders_risk,A,1482000.0,0,25000.0,5000000.0,11,16340.0,16451.0,5923.0,10528.0,False,open,12.0
TER-00449,2024,equipment,D,1940000.0,3,25000.0,10000000.0,1,450725.0,469142.0,18080.0,451062.0,True,open,27.0
TER-00450,2024,builders_risk,C,810000.0,2,25000.0,5000000.0,8,43301.0,41562.0,11352.0,30210.0,False,open,3.0
TER-00451,2024,builders_risk,D,988000.0,1,50000.0,2000000.0,8,69593.0,73266.0,16868.0,56398.0,False,open,44.0
TER-00452,2024,weather_delay,B,2700000.0,3,25000.0,10000000.0,6,339798.0,359925.0,63813.0,296112.0,False,open,31.0
TER-00453,2024,surety,B,2599000.0,1,50000.0,5000000.0,5,143853.0,148210.0,22565.0,125645.0,False,open,3.0
TER-00454,2024,weather_delay,D,2362000.0,1,100000.0,2000000.0,12,305641.0,333075.0,120606.0,212469.0,False,open,25.0
TER-00455,2024,weather_delay,B,1673000.0,0,25000.0,2000000.0,11,115350.0,115784.0,39531.0,76253.0,True,open,15.0
TER-00456,2024,weather_delay,A,7341000.0,0,100000.0,10000000.0,3,430756.0,389104.0,41602.0,347502.0,False,open,12.0
TER-00457,2024,builders_risk,A,2306000.0,0,100000.0,10000000.0,8,20108.0,22138.0,4713.0,17425.0,True,open,17.0
TER-00458,2024,builders_risk,A,1625000.0,0,50000.0,10000000.0,3,264172.0,270762.0,22404.0,248358.0,False,open,18.0
TER-00459,2024,surety,A,5786000.0,0,50000.0,2000000.0,2,72925.0,75499.0,4728.0,70771.0,False,open,9.0
TER-00460,2024,surety,A,3399000.0,3,100000.0,10000000.0,11,44994.0,46420.0,17146.0,29274.0,False,open,13.0
TER-00461,2024,builders_risk,B,2077000.0,2,25000.0,5000000.0,8,109541.0,99580.0,24814.0,74766.0,False,open,41.0
TER-00462,2024,surety,B,4539000.0,4,50000.0,10000000.0,2,203852.0,196363.0,13904.0,182459.0,False,open,4.0
TER-00463,2024,builders_risk,C,2704000.0,2,25000.0,5000000.0,4,8480.0,7800.0,1033.0,6767.0,False,open,37.0
TER-00464,2024,contractor_liability,B,3448000.0,0,50000.0,2000000.0,10,115070.0,120013.0,37184.0,82829.0,False,open,10.0
TER-00465,2024,builders_risk,A,2811000.0,0,25000.0,5000000.0,10,11014.0,11984.0,3263.0,8721.0,False,open,28.0
TER-00466,2024,weather_delay,D,1495000.0,0,50000.0,10000000.0,3,100746.0,105312.0,9846.0,95466.0,True,open,5.0
TER-00467,2024,weather_delay,D,4063000.0,2,25000.0,10000000.0,3,549708.0,593129.0,50801.0,542328.0,False,open,10.0
TER-00468,2024,weather_delay,D,2709000.0,4,50000.0,5000000.0,10,97273.0,94664.0,32390.0,62274.0,False,open,16.0
TER-00469,2024,surety,A,1509000.0,0,100000.0,5000000.0,12,150700.0,136674.0,53712.0,82962.0,False,open,2.0
TER-00470,2024,weather_delay,B,1707000.0,2,50000.0,10000000.0,5,108169.0,107101.0,16274.0,90827.0,False,open,6.0
TER-00471,2024,builders_risk,B,4031000.0,2,25000.0,10000000.0,12,421803.0,395285.0,162583.0,232702.0,False,open,54.0
TER-00472,2024,builders_risk,B,2078000.0,2,100000.0,5000000.0,8,50080.0,48435.0,11422.0,37013.0,False,open,35.0
TER-00473,2024,contractor_liability,A,2559000.0,1,25000.0,2000000.0,12,21687.0,20658.0,8991.0,11667.0,False,open,38.0
TER-00474,2024,builders_risk,D,3468000.0,2,50000.0,2000000.0,8,25886.0,24326.0,6626.0,17700.0,False,open,31.0
TER-00475,2024,builders_risk,B,2666000.0,0,25000.0,10000000.0,7,21371.0,22467.0,5166.0,17301.0,False,open,12.0
TER-00476,2024,builders_risk,A,1165000.0,0,25000.0,10000000.0,5,51740.0,53369.0,7506.0,45863.0,False,open,61.0
TER-00477,2024,surety,B,3438000.0,2,100000.0,2000000.0,11,125893.0,136091.0,45286.0,90805.0,False,open,77.0
TER-00478,2024,weather_delay,C,3997000.0,1,50000.0,5000000.0,7,542525.0,605745.0,110807.0,494938.0,False,open,7.0
TER-00479,2024,builders_risk,A,3856000.0,0,100000.0,5000000.0,2,53857.0,51286.0,3054.0,48232.0,False,open,19.0
TER-00480,2024,contractor_liability,C,5611000.0,2,100000.0,2000000.0,8,126691.0,140168.0,31271.0,108897.0,False,open,18.0
TER-00481,2024,weather_delay,A,2999000.0,0,50000.0,5000000.0,4,184378.0,197079.0,22900.0,174179.0,False,open,19.0
TER-00482,2024,contractor_liability,B,3687000.0,3,50000.0,5000000.0,2,79017.0,80900.0,5002.0,75898.0,False,open,38.0
TER-00483,2024,surety,A,5534000.0,0,100000.0,10000000.0,1,140098.0,156066.0,6257.0,149809.0,False,open,20.0
TER-00484,2024,contractor_liability,A,2162000.0,2,25000.0,2000000.0,11,168510.0,170655.0,54008.0,116647.0,False,open,22.0
TER-00485,2024,weather_delay,C,5956000.0,6,50000.0,10000000.0,2,444773.0,403065.0,28923.0,374142.0,False,open,20.0
TER-00486,2024,surety,B,5951000.0,1,50000.0,5000000.0,10,70936.0,65792.0,21015.0,44777.0,False,open,6.0
TER-00487,2024,weather_delay,C,3698000.0,1,50000.0,10000000.0,10,30507.0,29556.0,9089.0,20467.0,False,open,60.0
TER-00488,2024,weather_delay,C,6272000.0,1,50000.0,10000000.0,3,83530.0,87973.0,8320.0,79653.0,False,open,5.0
TER-00489,2024,equipment,A,3828000.0,1,100000.0,5000000.0,7,118773.0,121693.0,27031.0,94662.0,False,open,15.0
TER-00490,2024,surety,A,1610000.0,0,25000.0,5000000.0,3,7534.0,7913.0,742.0,7171.0,False,open,17.0
TER-00491,2024,contractor_liability,B,4415000.0,1,100000.0,10000000.0,8,54724.0,49477.0,14963.0,34514.0,False,open,26.0
TER-00492,2024,weather_delay,A,2943000.0,1,100000.0,5000000.0,5,209259.0,199748.0,35258.0,164490.0,False,open,31.0
TER-00493,2024,weather_delay,C,3074000.0,4,100000.0,5000000.0,10,107707.0,110081.0,31560.0,78521.0,False,open,2.0
TER-00494,2024,builders_risk,A,2701000.0,0,100000.0,10000000.0,10,13871.0,14481.0,4793.0,9688.0,False,open,23.0
TER-00495,2024,builders_risk,C,4934000.0,6,25000.0,2000000.0,7,421961.0,419863.0,92714.0,327149.0,False,open,8.0
TER-00496,2024,equipment,A,3295000.0,2,25000.0,2000000.0,7,376953.0,357353.0,83531.0,273822.0,False,open,28.0
TER-00497,2024,weather_delay,A,1765000.0,2,25000.0,2000000.0,3,99324.0,96161.0,8853.0,87308.0,False,open,24.0
TER-00498,2024,equipment,A,3187000.0,1,50000.0,2000000.0,4,352794.0,376574.0,42997.0,333577.0,False,open,1.0
TER-00499,2024,contractor_liability,C,3600000.0,7,25000.0,2000000.0,9,429012.0,453840.0,122196.0,331644.0,True,open,6.0
TER-00500,2024,contractor_liability,B,1739000.0,0,25000.0,10000000.0,10,27419.0,26169.0,7680.0,18489.0,False,open,18.0
TER-00501,2024,equipment,B,2012000.0,0,25000.0,2000000.0,5,1790323.0,1985695.0,293426.0,1692269.0,False,open,31.0
TER-00502,2024,weather_delay,A,2064000.0,2,25000.0,2000000.0,3,48597.0,44207.0,4403.0,39804.0,False,open,35.0
TER-00503,2024,contractor_liability,B,1845000.0,3,50000.0,2000000.0,4,68030.0,64735.0,8867.0,55868.0,False,open,26.0
TER-00504,2024,weather_delay,C,2976000.0,1,25000.0,5000000.0,9,61323.0,61103.0,18136.0,42967.0,False,open,12.0
TER-00505,2024,weather_delay,B,4159000.0,2,50000.0,2000000.0,6,171988.0,185224.0,33097.0,152127.0,False,open,24.0
TER-00506,2024,equipment,C,6440000.0,1,25000.0,10000000.0,10,32877.0,33678.0,9303.0,24375.0,False,open,19.0
TER-00507,2024,builders_risk,B,4543000.0,1,100000.0,5000000.0,2,54066.0,56694.0,3427.0,53267.0,False,open,13.0
TER-00508,2024,surety,A,4168000.0,1,100000.0,5000000.0,2,317479.0,352174.0,19201.0,332973.0,False,open,41.0
TER-00509,2024,surety,D,4428000.0,3,50000.0,2000000.0,8,232179.0,227710.0,60813.0,166897.0,False,open,22.0
TER-00510,2024,equipment,A,4874000.0,0,50000.0,2000000.0,7,66269.0,62287.0,15176.0,47111.0,True,open,21.0
TER-00511,2024,weather_delay,A,2071000.0,2,100000.0,10000000.0,7,655729.0,649223.0,143522.0,505701.0,False,open,35.0
TER-00512,2024,weather_delay,B,3536000.0,2,100000.0,2000000.0,8,61631.0,63107.0,16200.0,46907.0,False,open,13.0
TER-00513,2024,weather_delay,A,2937000.0,0,25000.0,5000000.0,9,357257.0,332098.0,92518.0,239580.0,False,open,18.0
TER-00514,2024,weather_delay,C,2343000.0,2,100000.0,5000000.0,12,140356.0,127513.0,56331.0,71182.0,True,open,6.0
TER-00515,2024,builders_risk,C,1991000.0,1,100000.0,5000000.0,4,83127.0,88091.0,11474.0,76617.0,False,open,9.0
TER-00516,2024,equipment,B,1942000.0,4,50000.0,10000000.0,4,110100.0,123040.0,14988.0,108052.0,False,open,5.0
TER-00517,2024,equipment,B,2186000.0,1,50000.0,2000000.0,4,121784.0,134560.0,16278.0,118282.0,False,open,7.0
TER-00518,2024,weather_delay,B,1348000.0,1,50000.0,5000000.0,6,148926.0,146359.0,27335.0,119024.0,False,open,8.0
TER-00519,2024,equipment,A,3245000.0,0,25000.0,5000000.0,6,38306.0,38303.0,7873.0,30430.0,False,open,18.0
TER-00520,2024,builders_risk,A,2473000.0,1,25000.0,10000000.0,12,24388.0,26397.0,9272.0,17125.0,False,open,29.0
TER-00521,2024,equipment,B,2636000.0,1,25000.0,10000000.0,3,168843.0,188544.0,14827.0,173717.0,False,open,12.0
TER-00522,2024,surety,A,2961000.0,2,50000.0,5000000.0,2,90283.0,88329.0,5696.0,82633.0,False,open,21.0
TER-00523,2024,contractor_liability,A,3592000.0,0,50000.0,10000000.0,10,21420.0,23764.0,7216.0,16548.0,True,open,76.0
TER-00524,2024,surety,B,1860000.0,1,100000.0,2000000.0,11,58812.0,61971.0,21017.0,40954.0,False,open,11.0
TER-00525,2024,contractor_liability,B,2371000.0,1,100000.0,2000000.0,1,42801.0,39908.0,2069.0,37839.0,True,open,15.0
